7th Saga, The
7Th Saga, The-Video.webmA.S.P. - Air Strike Patrol
A.S.P. - Air Strike Patrol-Video.webmActRaiser 2
Actraiser 2.webmActRaiser
Actraiser-Video.webmAddams Family Values
Addams Family Values-Video.webmAddams Family, The
Addams Family, The-Video.webmAdvanced Dungeons & Dragons - Eye of the Beholder
Advanced Dungeons & Dragons - Eye Of The Beholder-Video.webmAdventures of Batman & Robin, The
Adventures Of Batman & Robin, The-Video.webmAero Fighters
Aero Fighters-Video.webmAero the Acro-Bat 2
Aero The Acro-Bat 2-Video.webmAero the Acro-Bat
Aero The Acro-Bat-Video.webmAerobiz Supersonic
Aerobiz Supersonic-Video.webmAerobiz
Aerobiz-Video.webmAladdin
Aladdin-Video.webmAlien 3
Alien 3-Video.webmAlien vs. Predator
Alien Vs. Predator-Video.webmArcana
Arcana-Video.webmArdy Lightfoot
Ardy Lightfoot-Video.webmArkanoid - Doh It Again
Arkanoid - Doh It Again-Video.webmArt of Fighting
Art Of Fighting-Video.webmAsterix
Asterix-Video.webmAxelay
Axelay-Video.webmB.O.B.
B.O.B.-Video.webmBassin's Black Bass with Hank Parker
Bassin's Black Bass With Hank Parker-Video.webmBatman Returns
Batman Returns-Video.webmBattle Cars
Battle Cars-Video.webmBattle Clash
Battle Clash-Video.webmBattletoads & Double Dragon - The Ultimate Team
Battletoads & Double Dragon - The Ultimate Team-Video.webmBattletoads in Battlemaniacs
Battletoads In Battlemaniacs-Video.webmBeavis and Butt-Head
Beavis And Butt-Head-Video.webmBig Sky Trooper
Big Sky Trooper-Video.webmBiker Mice from Mars
Biker Mice From Mars-Video.webmBioMetal
Biometal-Video.webmBlackthorne
Blackthorne-Video.webmBlaZeon - The Bio-Cyborg Challenge
Blazeon - The Bio-Cyborg Challenge-Video.webmBonkers
Bonkers-Video.webmBoogerman - A Pick and Flick Adventure
Boogerman - A Pick And Flick Adventure-Video.webmBoxing Legends of the Ring
Boxing Legends Of The Ring-Video.webmBrain Lord
Brain Lord-Video.webmBrandish
Brandish-Video.webmBrawl Brothers
Brawl Brothers-Video.webmBreath of Fire II
Breath Of Fire Ii-Video.webmBreath of Fire
Breath Of Fire-Video.webmBubsy in Claws Encounters of the Furred Kind
Bubsy In Claws Encounters Of The Furred Kind-Video.webmBugs Bunny in Rabbit Rampage
Bugs Bunny In Rabbit Rampage-Video.webmBulls versus Blazers and the NBA Playoffs
Bulls Versus Blazers And The Nba Playoffs-Video.webmBust-A-Move
Bust-A-Move-Video.webmCannon Fodder
Cannon Fodder-Video.webmCaptain America and the Avengers
Captain America And The Avengers-Video.webmCaptain Commando
Captain Commando-Video.webmCastlevania - Dracula X
Castlevania - Dracula X-Video.webmChoplifter III
Choplifter Iii-Video.webmChrono Trigger
Chrono Trigger-Video.webmCivilization
Civilization-Video.webmClayFighter - Tournament Edition
Clayfighter - Tournament Edition-Video.webmClayFighter 2 - Judgment Clay
Clayfighter 2 - Judgment Clay-Video.webmClayFighter
Clayfighter-Video.webmClaymates
Claymates-Video.webmClue
Clue-Video.webmCollege Slam
College Slam-Video.webmCombatribes, The
Combatribes, The-Video.webmCongo's Caper
Congo's Caper-Video.webmContra III - The Alien Wars
Contra Iii - The Alien Wars-Video.webmCool Spot
Cool Spot-Video.webmCybernator
Cybernator-Video.webmD-Force
D-Force-Video.webmDaffy Duck - The Marvin Missions
Daffy Duck - The Marvin Missions-Video.webmDarius Twin
Darius Twin-Video.webmDaze Before Christmas
Daze Before Christmas-Video.webmDeath and Return of Superman, The
Death And Return Of Superman, The-Video.webmDemolition Man
Demolition Man-Video.webmDemon's Crest
Demon's Crest-Video.webmDesert Strike - Return to the Gulf
Desert Strike - Return To The Gulf-Video.webmDinoCity
Dinocity-Video.webmDonkey Kong Country 2 - Diddy's Kong Quest
Donkey Kong Country 2 - Diddy's Kong Quest-Video.webmDonkey Kong Country 3 - Dixie Kong's Double Trouble!
Donkey Kong Country 3 - Dixie Kong's Double Trouble!-Video.webmDonkey Kong Country Competition Cartridge
Donkey Kong Country Competition Cartridge-Video.webmDonkey Kong Country
Donkey Kong Country-Video.webmDoom Troopers
Doom Troopers-Video.webmDoom
Doom-Video.webmDragon - The Bruce Lee Story
Dragon - The Bruce Lee Story-Video.webmDragon View
Dragon View-Video.webmDrakkhen
Drakkhen-Video.webmDungeon Master
Dungeon Master-Video.webmE.V.O. - Search for Eden
E.V.O. - Search For Eden-Video.webmEarth Defense Force
Earth Defense Force-Video.webmEarthBound
Earthbound-Video.webmEarthworm Jim 2
Earthworm Jim 2-Video.webmEarthworm Jim
Earthworm Jim-Video.webmElite Soccer
Elite Soccer-Video.webmEquinox
Equinox-Video.webmExtra Innings
Extra Innings-Video.webmF-Zero
F-Zero-Video.webmF1 Pole Position
F1 Pole Position-Video.webmF1 ROC - Race of Champions
F1 Roc - Race Of Champions-Video.webmF1 ROC II - Race of Champions
F1 Roc Ii - Race Of Champions-Video.webmFaceball 2000
Faceball 2000-Video.webmFamily Feud
Family Feud-Video.webmFatal Fury 2
Fatal Fury 2-Video.webmFatal Fury Special
Fatal Fury Special-Video.webmFatal Fury
Fatal Fury-Video.webmFIFA 98 - Road to World Cup
Fifa 98 - Road To World Cup-Video.webmFIFA International Soccer
Fifa International Soccer-Video.webmFIFA Soccer 96
Fifa Soccer 96-Video.webmFIFA Soccer 97 - Gold Edition
Fifa Soccer 97 - Gold Edition-Video.webmFighter's History
Fighter's History-Video.webmFinal Fantasy - Mystic Quest
Final Fantasy - Mystic Quest-Video.webmFinal Fantasy II
Final Fantasy Ii-Video.webmFinal Fantasy III
Final Fantasy Iii-Video.webmFinal Fight 2
Final Fight 2-Video.webmFinal Fight 3
Final Fight 3-Video.webmFinal Fight Guy
Final Fight Guy-Video.webmFinal Fight
Final Fight-Video.webmFiremen, The
Firemen, The-Video.webmFirepower 2000
Firepower 2000-Video.webmFirestriker
Firestriker-Video.webmFlashback - The Quest for Identity
Flashback - The Quest For Identity-Video.webmFlintstones, The - The Treasure of Sierra Madrock
Flintstones, The - The Treasure Of Sierra Madrock-Video.webmFrogger
Frogger-Video.webmGemfire
Gemfire-Video.webmGenghis Khan II - Clan of the Gray Wolf
Genghis Khan Ii - Clan Of The Gray Wolf-Video.webmGhoul Patrol
Ghoul Patrol-Video.webmGods
Gods-Video.webmGoof Troop
Goof Troop-Video.webmGradius III
Gradius Iii-Video.webmGreat Circus Mystery Starring Mickey & Minnie, The
Great Circus Mystery Starring Mickey & Minnie, The-Video.webmHagane - The Final Conflict
Hagane - The Final Conflict-Video.webmHAL's Hole in One Golf
Hal's Hole In One Golf-Video.webmHarvest Moon
Harvest Moon-Video.webmHebereke's Popoon
Hebereke's Popoon-Video.webmHook
Hook-Video.webmHurricanes
Hurricanes-Video.webmHyper V-Ball
Hyper V-Ball-Video.webmHyper Zone
Hyper Zone-Video.webmIgnition Factor, The
Ignition Factor, The-Video.webmIllusion of Gaia
Illusion Of Gaia-Video.webmImperium
Imperium-Video.webmIncredible Hulk, The
Incredible Hulk, The-Video.webmIndiana Jones' Greatest Adventures
Indiana Jones' Greatest Adventures-Video.webmInindo - Way of the Ninja
Inindo - Way Of The Ninja-Video.webmInternational Superstar Soccer Deluxe
International Superstar Soccer Deluxe-Video.webmInternational Superstar Soccer
International Superstar Soccer-Video.webmJelly Boy
Jelly Boy-Video.webmJetsons, The - Invasion of the Planet Pirates
Jetsons, The - Invasion Of The Planet Pirates-Video.webmJimmy Connors Pro Tennis Tour
Jimmy Connors Pro Tennis Tour-Video.webmJoe & Mac 2 - Lost in the Tropics
Joe & Mac 2 - Lost In The Tropics-Video.webmJoe & Mac
Joe & Mac-Video.webmJohn Madden Football '93
John Madden Football '93-Video.webmJohn Madden Football
John Madden Football-Video.webmJudge Dredd
Judge Dredd-Video.webmJungle Book, The
Jungle Book, The-Video.webmJungle Strike - The Sequel to Desert Strike
Jungle Strike - The Sequel To Desert Strike-Video.webmJurassic Park Part 2 - The Chaos Continues
Jurassic Park Part 2 - The Chaos Continues-Video.webmJurassic Park
Jurassic Park-Video.webmJustice League Task Force
Justice League Task Force-Video.webmKen Griffey Jr. Presents Major League Baseball
Ken Griffey Jr. Presents Major League Baseball-Video.webmKen Griffey Jr.'s Winning Run
Ken Griffey Jr.'S Winning Run-Video.webmKendo Rage
Kendo Rage-Video.webmKid Klown in Crazy Chase
Kid Klown In Crazy Chase-Video.webmKiller Instinct
Killer Instinct-Video.webmKing Arthur's World
King Arthur's World-Video.webmKing of Dragons, The
King Of Dragons, The-Video.webmKing of the Monsters 2
King Of The Monsters 2-Video.webmKing of the Monsters
King Of The Monsters-Video.webmKirby Super Star
Kirby Super Star-Video.webmKirby's Avalanche
Kirby's Avalanche-Video.webmKirby's Dream Course
Kirby's Dream Course-Video.webmKirby's Dream Land 3
Kirby's Dream Land 3-Video.webmKnights of the Round
Knights Of The Round-Video.webmLagoon
Lagoon-Video.webmLamborghini American Challenge
Lamborghini American Challenge-Video.webmLegend of The Mystical Ninja, The
Legend Of The Mystical Ninja, The-Video.webmLegend of Zelda, The - A Link to the Past
Legend Of Zelda, The - A Link To The Past-Video.webmLegend
Legend-Video.webmLemmings 2 - The Tribes
Lemmings 2 - The Tribes-Video.webmLemmings
Lemmings-Video.webmLethal Enforcers
Lethal Enforcers-Video.webmLiberty or Death
Liberty Or Death-Video.webmLion King, The
Lion King, The-Video.webmLooney Tunes B-Ball
Looney Tunes B-Ball-Video.webmLost Vikings 2, The
Lost Vikings 2, The-Video.webmLost Vikings, The
Lost Vikings, The-Video.webmLucky Luke
Lucky Luke-Video.webmLufia & The Fortress of Doom
Lufia & The Fortress Of Doom-Video.webmLufia II - Rise of the Sinistrals
Lufia Ii - Rise Of The Sinistrals-Video.webmMadden NFL '94
Madden Nfl '94-Video.webmMadden NFL 95
Madden Nfl 95-Video.webmMadden NFL 96
Madden Nfl 96-Video.webmMadden NFL 97
Madden Nfl 97-Video.webmMadden NFL 98
Madden Nfl 98-Video.webmMagic Sword
Magic Sword-Video.webmMagical Quest Starring Mickey Mouse, The
Magical Quest Starring Mickey Mouse, The-Video.webmMario Paint
Mario Paint-Video.webmMark Davis' The Fishing Master
Mark Davis' The Fishing Master-Video.webmMarvel Super Heroes in War of the Gems
Marvel Super Heroes In War Of The Gems-Video.webmMask, The
Mask, The-Video.webmMaui Mallard in Cold Shadow
Maui Mallard In Cold Shadow-Video.webmMecarobot Golf
Mecarobot Golf-Video.webmMechwarrior 3050
Mechwarrior 3050-Video.webmMechWarrior
Mechwarrior-Video.webmMega Man 7
Mega Man 7-Video.webmMega Man Soccer
Mega Man Soccer-Video.webmMega Man X
Mega Man X-Video.webmMega Man X2
Mega Man X2-Video.webmMega Man X3
Mega Man X3-Video.webmMetal Combat - Falcon's Revenge
Metal Combat - Falcon's Revenge-Video.webmMetal Marines
Metal Marines-Video.webmMetal Warriors
Metal Warriors-Video.webmMichael Jordan - Chaos in the Windy City
Michael Jordan - Chaos In The Windy City-Video.webmMickey Mania - The Timeless Adventures of Mickey Mouse
Mickey Mania - The Timeless Adventures Of Mickey Mouse-Video.webmMickey's Ultimate Challenge
Mickey's Ultimate Challenge-Video.webmMicro Machines 2 - Turbo Tournament
Micro Machines 2 - Turbo Tournament-Video.webmMicro Machines
Micro Machines-Video.webmMight and Magic II - Gates to Another World
Might And Magic Ii - Gates To Another World-Video.webmMight and Magic III - Isles of Terra
Might And Magic Iii - Isles Of Terra-Video.webmMighty Morphin Power Rangers - The Fighting Edition
Mighty Morphin Power Rangers - The Fighting Edition-Video.webmMighty Morphin Power Rangers - The Movie
Mighty Morphin Power Rangers - The Movie-Video.webmMighty Morphin Power Rangers
Mighty Morphin Power Rangers-Video.webmMLBPA Baseball
Mlbpa Baseball-Video.webmMohawk & Headphone Jack
Mohawk & Headphone Jack-Video.webmMonopoly
Monopoly-Video.webmMortal Kombat 3
Mortal Kombat 3-Video.webmMortal Kombat II
Mortal Kombat Ii-Video.webmMortal Kombat
Mortal Kombat-Video.webmMr. Do!
Mr. Do!-Video.webmMr. Nutz
Mr. Nutz-Video.webmMs. Pac-Man
Ms. Pac-Man-Video.webmNatsume Championship Wrestling
Natsume Championship Wrestling-Video.webmNBA Give 'n Go
Nba Give 'N Go-Video.webmNBA Hang Time
Nba Hang Time-Video.webmNBA Jam - Tournament Edition
Nba Jam - Tournament Edition-Video.webmNBA Jam
Nba Jam-Video.webmNBA Live 95
Nba Live 95-Video.webmNBA Live 96
Nba Live 96-Video.webmNBA Live 97
Nba Live 97-Video.webmNBA Live 98
Nba Live 98-Video.webmNBA Showdown
Nba Showdown-Video.webmNCAA Basketball
Ncaa Basketball-Video.webmNFL Quarterback Club 96
Nfl Quarterback Club 96-Video.webmNFL Quarterback Club
Nfl Quarterback Club-Video.webmNHL '94
Nhl '94-Video.webmNHL 95
Nhl 95-Video.webmNHL 96
Nhl 96-Video.webmNHL 97
Nhl 97-Video.webmNHL 98
Nhl 98-Video.webmNHL Stanley Cup
Nhl Stanley Cup-Video.webmNHLPA Hockey 93
Nhlpa Hockey 93-Video.webmNigel Mansell's World Championship Racing
Nigel Mansell's World Championship Racing-Video.webmNinja Gaiden Trilogy
Ninja Gaiden Trilogy-Video.webmNinja Warriors, The
Ninja Warriors, The-Video.webmNobunaga's Ambition - Lord of Darkness
Nobunaga's Ambition - Lord Of Darkness-Video.webmNobunaga's Ambition
Nobunaga's Ambition-Video.webmNosferatu
Nosferatu-Video.webmOgre Battle - The March of the Black Queen
Ogre Battle - The March Of The Black Queen-Video.webmOn the Ball
On The Ball-Video.webmOperation Europe - Path to Victory 1939-45
Operation Europe - Path To Victory 1939-45-Video.webmOperation Logic Bomb - The Ultimate Search & Destroy
Operation Logic Bomb - The Ultimate Search & Destroy-Video.webmOut of This World
Out Of This World-Video.webmOut to Lunch
Out To Lunch-Video.webmP.T.O. - Pacific Theater of Operations
P.T.O. - Pacific Theater Of Operations-Video.webmP.T.O. II - Pacific Theater of Operations
P.T.O. Ii - Pacific Theater Of Operations-Video.webmPac-Attack
Pac-Attack-Video.webmPac-Man 2 - The New Adventures
Pac-Man 2 - The New Adventures-Video.webmPaladin's Quest
Paladin's Quest-Video.webmPaperboy 2
Paperboy 2-Video.webmPeace Keepers, The
Peace Keepers, The-Video.webmPGA Tour 96
Pga Tour 96-Video.webmPhalanx
Phalanx-Video.webmPhantom 2040
Phantom 2040-Video.webmPieces
Pieces-Video.webmPilotwings
Pilotwings-Video.webmPinball Dreams
Pinball Dreams-Video.webmPinball Fantasies
Pinball Fantasies-Video.webmPirates of Dark Water, The
Pirates Of Dark Water, The-Video.webmPitfall - The Mayan Adventure
Pitfall - The Mayan Adventure-Video.webmPlok!
Plok!-Video.webmPocky & Rocky 2
Pocky & Rocky 2-Video.webmPocky & Rocky
Pocky & Rocky-Video.webmPop'n TwinBee
Pop'n Twinbee-Video.webmPopulous II - Trials of the Olympian Gods
Populous Ii - Trials Of The Olympian Gods-Video.webmPopulous
Populous-Video.webmPower Drive
Power Drive-Video.webmPower Instinct
Power Instinct-Video.webmPower Monger
Power Monger-Video.webmPower Rangers Zeo - Battle Racers
Power Rangers Zeo - Battle Racers-Video.webmPrehistorik Man
Prehistorik Man-Video.webmPrimal Rage
Primal Rage-Video.webmPrince of Persia
Prince Of Persia-Video.webmPro Sport Hockey
Pro Sport Hockey-Video.webmPush-Over
Push-Over-Video.webmQ-bert 3
Q-Bert 3-Video.webmR-Type III - The Third Lightning
R-Type Iii - The Third Lightning-Video.webmRaiden Trad
Raiden Trad-Video.webmRampart
Rampart-Video.webmRanma 1-2 - Hard Battle
Ranma 1-2 - Hard Battle-Video.webmRealm
Realm-Video.webmrename-videos.jsRiddick Bowe Boxing
Riddick Bowe Boxing-Video.webmRise of the Phoenix
Rise Of The Phoenix-Video.webmRival Turf!
Rival Turf!-Video.webmRoboCop versus The Terminator
Robocop Versus The Terminator-Video.webmRobotrek
Robotrek-Video.webmRock n' Roll Racing
Rock N' Roll Racing-Video.webmRocky Rodent
Rocky Rodent-Video.webmRomance of the Three Kingdoms II
Romance Of The Three Kingdoms Ii-Video.webmRomance of the Three Kingdoms III - Dragon of Destiny
Romance Of The Three Kingdoms Iii - Dragon Of Destiny-Video.webmRomance of the Three Kingdoms IV - Wall of Fire
Romance Of The Three Kingdoms Iv - Wall Of Fire-Video.webmRun Saber
Run Saber-Video.webmSamurai Shodown
Samurai Shodown-Video.webmSaturday Night Slam Masters
Saturday Night Slam Masters-Video.webmScooby-Doo Mystery
Scooby-Doo Mystery-Video.webmSecret of Evermore
Secret Of Evermore-Video.webmSecret of Mana
Secret Of Mana-Video.webmShadowrun
Shadowrun-Video.webmShanghai II - Dragon's Eye
Shanghai Ii - Dragon's Eye-Video.webmShaq-Fu
Shaq-Fu-Video.webmShien's Revenge
Shien's Revenge-Video.webmSide Pocket
Side Pocket-Video.webmSimAnt - The Electronic Ant Colony
Simant - The Electronic Ant Colony-Video.webmSimCity 2000
Simcity 2000-Video.webmSimCity
Simcity-Video.webmSimpsons, The - Bart's Nightmare
Simpsons, The - Bart's Nightmare-Video.webmSink or Swim
Sink Or Swim-Video.webmSkyblazer
Skyblazer-Video.webmSmart Ball
Smart Ball-Video.webmSmash Tennis
Smash Tennis-Video.webmSmurfs Travel the World, The
Smurfs Travel The World, The-Video.webmSmurfs, The
Smurfs, The-Video.webmSnow White in Happily Ever After
Snow White In Happily Ever After-Video.webmSoldiers of Fortune
Soldiers Of Fortune-Video.webmSonic Blast Man II
Sonic Blast Man Ii-Video.webmSonic Blast Man
Sonic Blast Man-Video.webmSOS
Sos-Video.webmSoul Blazer
Soul Blazer-Video.webmSpace Invaders - The Original Game
Space Invaders - The Original Game-Video.webmSpace Megaforce
Space Megaforce-Video.webmSpanky's Quest
Spanky's Quest-Video.webmSparkster
Sparkster-Video.webmSpawn - The Video Game
Spawn - The Video Game-Video.webmSpider-Man - The Animated Series
Spider-Man - The Animated Series-Video.webmSpider-Man and the X-Men in Arcade's Revenge
Spider-Man And The X-Men In Arcade's Revenge-Video.webmSpider-Man and Venom - Maximum Carnage
Spider-Man And Venom - Maximum Carnage-Video.webmSpider-Man and Venom - Separation Anxiety
Spider-Man And Venom - Separation Anxiety-Video.webmSpindizzy Worlds
Spindizzy Worlds-Video.webmSports Illustrated - Championship Football & Baseball
Sports Illustrated - Championship Football & Baseball-Video.webmStar Fox 2
Star Fox 2-Video.webmStar Fox
Star Fox-Video.webmStar Trek - Deep Space Nine - Crossroads of Time
Star Trek - Deep Space Nine - Crossroads Of Time-Video.webmStar Trek - Starfleet Academy - Starship Bridge Simulator
Star Trek - Starfleet Academy - Starship Bridge Simulator-Video.webmStone Protectors
Stone Protectors-Video.webmStreet Fighter Alpha 2
Street Fighter Alpha 2-Video.webmStreet Fighter II - The World Warrior
Street Fighter Ii - The World Warrior-Video.webmStreet Fighter II Turbo - Hyper Fighting
Street Fighter Ii Turbo - Hyper Fighting-Video.webmStreet Racer
Street Racer-Video.webmStrike Gunner S.T.G.
Strike Gunner S.T.G.-Video.webmStunt Race FX
Stunt Race Fx-Video.webmSunset Riders
Sunset Riders-Video.webmSuper Adventure Island II
Super Adventure Island Ii-Video.webmSuper Adventure Island
Super Adventure Island-Video.webmSuper Baseball 2020
Super Baseball 2020-Video.webmSuper Baseball Simulator 1.000
Super Baseball Simulator 1.000-Video.webmSuper Bases Loaded 2
Super Bases Loaded 2-Video.webmSuper Bases Loaded 3 - License to Steal
Super Bases Loaded 3 - License To Steal-Video.webmSuper Bases Loaded
Super Bases Loaded-Video.webmSuper Batter Up
Super Batter Up-Video.webmSuper Battletank - War in the Gulf
Super Battletank - War In The Gulf-Video.webmSuper Battletank 2
Super Battletank 2-Video.webmSuper Black Bass
Super Black Bass-Video.webmSuper Bomberman 2
Super Bomberman 2-Video.webmSuper Bomberman 3
Super Bomberman 3-Video.webmSuper Bomberman
Super Bomberman-Video.webmSuper Bonk
Super Bonk-Video.webmSuper Buster Bros.
Super Buster Bros.-Video.webmSuper Castlevania IV
Super Castlevania Iv-Video.webmSuper Chase H.Q.
Super Chase H.Q.-Video.webmSuper Conflict - The Mideast
Super Conflict - The Mideast-Video.webmSuper Double Dragon
Super Double Dragon-Video.webmSuper Ghouls 'n Ghosts
Super Ghouls 'N Ghosts-Video.webmSuper Godzilla
Super Godzilla-Video.webmSuper International Cricket
Super International Cricket-Video.webmSuper Mario All-Stars
Super Mario All-Stars-Video.webmSuper Mario Kart
Super Mario Kart-Video.webmSuper Mario RPG - Legend of the Seven Stars
Super Mario Rpg - Legend Of The Seven Stars-Video.webmSuper Mario World 2 - Yoshi's Island
Super Mario World 2 - Yoshi's Island-Video.webmSuper Mario World
Super Mario World-Video.webmSuper Metroid
Super Metroid-Video.webmSuper Ninja Boy
Super Ninja Boy-Video.webmSuper Nova
Super Nova-Video.webmSuper Off Road
Super Off Road-Video.webmSuper Pinball - Behind the Mask
Super Pinball - Behind The Mask-Video.webmSuper Punch-Out!!
Super Punch-Out!!-Video.webmSuper Putty
Super Putty-Video.webmSuper R-Type
Super R-Type-Video.webmSuper R.B.I. Baseball
Super R.B.I. Baseball-Video.webmSuper Smash T.V.
Super Smash T.V.-Video.webmSuper Soccer Champ
Super Soccer Champ-Video.webmSuper Soccer
Super Soccer-Video.webmSuper Star Fox Weekend - Official Competition
Super Star Fox Weekend - Official Competition-Video.webmSuper Star Wars - Return of the Jedi
Super Star Wars - Return Of The Jedi-Video.webmSuper Star Wars - The Empire Strikes Back
Super Star Wars - The Empire Strikes Back-Video.webmSuper Star Wars
Super Star Wars-Video.webmSuper Street Fighter II - The New Challengers
Super Street Fighter Ii - The New Challengers-Video.webmSuper Strike Eagle
Super Strike Eagle-Video.webmSuper Tennis
Super Tennis-Video.webmSuper Troll Islands
Super Troll Islands-Video.webmSuper Turrican 2
Super Turrican 2-Video.webmSuper Turrican
Super Turrican-Video.webmSuper Valis IV
Super Valis Iv-Video.webmSuper Widget
Super Widget-Video.webmSWAT Kats - The Radical Squadron
Swat Kats - The Radical Squadron-Video.webmSyndicate
Syndicate-Video.webmTecmo Secret of the Stars
Tecmo Secret Of The Stars-Video.webmTecmo Super Baseball
Tecmo Super Baseball-Video.webmTecmo Super Bowl II - Special Edition
Tecmo Super Bowl Ii - Special Edition-Video.webmTecmo Super Bowl III - Final Edition
Tecmo Super Bowl Iii - Final Edition-Video.webmTecmo Super Bowl
Tecmo Super Bowl-Video.webmTecmo Super NBA Basketball
Tecmo Super Nba Basketball-Video.webmTeenage Mutant Ninja Turtles - Tournament Fighters
Teenage Mutant Ninja Turtles - Tournament Fighters-Video.webmTeenage Mutant Ninja Turtles IV - Turtles in Time
Teenage Mutant Ninja Turtles Iv - Turtles In Time-Video.webmTerranigma
Terranigma-Video.webmTest Drive II - The Duel
Test Drive Ii - The Duel-Video.webmTetris & Dr. Mario
Tetris & Dr. Mario-Video.webmTetris 2
Tetris 2-Video.webmTetris Attack
Tetris Attack-Video.webmTheme Park
Theme Park-Video.webmThunder Spirits
Thunder Spirits-Video.webmTin Star
Tin Star-Video.webmTiny Toon Adventures - Buster Busts Loose!
Tiny Toon Adventures - Buster Busts Loose!-Video.webmTiny Toon Adventures - Wacky Sports Challenge
Tiny Toon Adventures - Wacky Sports Challenge-Video.webmTop Gear 2
Top Gear 2-Video.webmTop Gear 3000
Top Gear 3000-Video.webmTop Gear
Top Gear-Video.webmTotal Carnage
Total Carnage-Video.webmToy Story
Toy Story-Video.webmTrials of Mana
Trials Of Mana-Video.webmTroddlers
Troddlers-Video.webmTrue Golf Classics - Pebble Beach Golf Links
True Golf Classics - Pebble Beach Golf Links-Video.webmTrue Golf Classics - Waialae Country Club
True Golf Classics - Waialae Country Club-Video.webmTrue Golf Classics - Wicked 18
True Golf Classics - Wicked 18-Video.webmTrue Lies
True Lies-Video.webmTuff E Nuff
Tuff E Nuff-Video.webmTurn and Burn - No-Fly Zone
Turn And Burn - No-Fly Zone-Video.webmTwisted Tales of Spike McFang, The
Twisted Tales Of Spike Mcfang, The-Video.webmU.N. Squadron
U.N. Squadron-Video.webmUltima - Runes of Virtue II
Ultima - Runes Of Virtue Ii-Video.webmUltima VI - The False Prophet
Ultima Vi - The False Prophet-Video.webmUltima VII - The Black Gate
Ultima Vii - The Black Gate-Video.webmUltimate Mortal Kombat 3
Ultimate Mortal Kombat 3-Video.webmUncharted Waters - New Horizons
Uncharted Waters - New Horizons-Video.webmUncharted Waters
Uncharted Waters-Video.webmUniracers
Uniracers-Video.webmUntouchables, The
Untouchables, The-Video.webmUrban Strike - The Sequel to Jungle Strike
Urban Strike - The Sequel To Jungle Strike-Video.webmUtopia - The Creation of a Nation
Utopia - The Creation Of A Nation-Video.webmVegas Stakes
Vegas Stakes-Video.webmVortex
Vortex-Video.webmWar 2410
War 2410-Video.webmWar 3010 - The Revolution
War 3010 - The Revolution-Video.webmWario's Woods
Wario's Woods-Video.webmWCW SuperBrawl Wrestling
Wcw Superbrawl Wrestling-Video.webmWeaponlord
Weaponlord-Video.webmWhere in the World Is Carmen Sandiego
Where In The World Is Carmen Sandiego-Video.webmWhirlo
Whirlo-Video.webmWild Guns
Wild Guns-Video.webmWild Snake
Wild Snake-Video.webmWildC.A.T.S - Covert Action Teams
Wildc.A.T.S - Covert Action Teams-Video.webmWing Commander - The Secret Missions
Wing Commander - The Secret Missions-Video.webmWing Commander
Wing Commander-Video.webmWinter Gold
Winter Gold-Video.webmWinter Olympic Games - Lillehammer '94
Winter Olympic Games - Lillehammer '94-Video.webmWizardry V - Heart of the Maelstrom
Wizardry V - Heart Of The Maelstrom-Video.webmWolfchild
Wolfchild-Video.webmWolfenstein 3D
Wolfenstein 3D-Video.webmWolverine - Adamantium Rage
Wolverine - Adamantium Rage-Video.webmWordtris
Wordtris-Video.webmWorld Cup USA 94
World Cup Usa 94-Video.webmWorld Heroes 2
World Heroes 2-Video.webmWorld Heroes
World Heroes-Video.webmWorms
Worms-Video.webmWWF Raw
Wwf Raw-Video.webmWWF Royal Rumble
Wwf Royal Rumble-Video.webmWWF Super WrestleMania
Wwf Super Wrestlemania-Video.webmWWF WrestleMania - The Arcade Game
Wwf Wrestlemania - The Arcade Game-Video.webmX-Kaliber 2097
X-Kaliber 2097-Video.webmX-Men - Mutant Apocalypse
X-Men - Mutant Apocalypse-Video.webmXardion
Xardion-Video.webmYoshi's Cookie
Yoshi's Cookie-Video.webmYoshi's Safari
Yoshi's Safari-Video.webmYoung Merlin
Young Merlin-Video.webmYs III - Wanderers from Ys
Ys Iii - Wanderers From Ys-Video.webmZero the Kamikaze Squirrel
Zero The Kamikaze Squirrel-Video.webmZombies Ate My Neighbors
Zombies Ate My Neighbors-Video.webmZool - Ninja of the ''Nth'' Dimension
Zool - Ninja Of The ''Nth'' Dimension-Video.webm